{
  "complete": {
    "S": {
      "TN": 100,
      "FP": 0,
      "FN": 1,
      "TP": 0,
      "Total": 101,
      "Accuracy": 0.9900990099009901,
      "Precision_U": NaN,
      "Recall_U": 0.0,
      "F1_U": NaN,
      "FPR_on_Benign": 0.0
    },
    "H": {
      "TN": 100,
      "FP": 0,
      "FN": 1,
      "TP": 0,
      "Total": 101,
      "Accuracy": 0.9900990099009901,
      "Precision_U": NaN,
      "Recall_U": 0.0,
      "F1_U": NaN,
      "FPR_on_Benign": 0.0
    },
    "U": {
      "TN": 0,
      "FP": 100,
      "FN": 0,
      "TP": 1,
      "Total": 101,
      "Accuracy": 0.009900990099009901,
      "Precision_U": 0.009900990099009901,
      "Recall_U": 1.0,
      "F1_U": 0.0196078431372549,
      "FPR_on_Benign": 1.0
    }
  },
  "partial": {
    "S": {
      "TN": 456,
      "FP": 11,
      "FN": 9,
      "TP": 164,
      "Total": 640,
      "Accuracy": 0.96875,
      "Precision_U": 0.9371428571428572,
      "Recall_U": 0.9479768786127167,
      "F1_U": 0.942528735632184,
      "FPR_on_Benign": 0.023554603854389723
    },
    "H": {
      "TN": 456,
      "FP": 11,
      "FN": 10,
      "TP": 163,
      "Total": 640,
      "Accuracy": 0.9671875,
      "Precision_U": 0.9367816091954023,
      "Recall_U": 0.9421965317919075,
      "F1_U": 0.9394812680115274,
      "FPR_on_Benign": 0.023554603854389723
    },
    "U": {
      "TN": 231,
      "FP": 236,
      "FN": 49,
      "TP": 124,
      "Total": 640,
      "Accuracy": 0.5546875,
      "Precision_U": 0.34444444444444444,
      "Recall_U": 0.7167630057803468,
      "F1_U": 0.46529080675422135,
      "FPR_on_Benign": 0.5053533190578159
    }
  },
  "counts": {
    "total": 1128,
    "complete": 133,
    "partial": 995
  }
}