variant,macroF1,accuracy
S,0.928599701848732,0.942713567839196
H,0.9330030635615412,0.942713567839196
