variant,macroF1,accuracy
S,0.7783830773688786,0.9774436090225563
H,0.7783830773688786,0.9774436090225563
