{
  "Benign": {
    "precision": 0.938337801608579,
    "recall": 0.3155996393146979,
    "f1-score": 0.47233468286099867,
    "support": 1109.0
  },
  "Attack": {
    "precision": 0.6067357512953367,
    "recall": 0.9807370184254607,
    "f1-score": 0.7496798975672215,
    "support": 1194.0
  },
  "accuracy": 0.6604429005644811,
  "macro avg": {
    "precision": 0.772536776451958,
    "recall": 0.6481683288700792,
    "f1-score": 0.6110072902141102,
    "support": 2303.0
  },
  "weighted avg": {
    "precision": 0.7664173291491734,
    "recall": 0.6604429005644811,
    "f1-score": 0.6161254715536735,
    "support": 2303.0
  }
}