{
  "Benign": {
    "precision": 0.9990990990990991,
    "recall": 1.0,
    "f1-score": 0.9995493465525012,
    "support": 1109.0
  },
  "Brute Force (Hydra)": {
    "precision": 0.9935064935064936,
    "recall": 1.0,
    "f1-score": 0.996742671009772,
    "support": 306.0
  },
  "Brute Force (Medusa)": {
    "precision": 1.0,
    "recall": 0.9842105263157894,
    "f1-score": 0.9920424403183024,
    "support": 190.0
  },
  "Denial of Service (DoS)": {
    "precision": 1.0,
    "recall": 1.0,
    "f1-score": 1.0,
    "support": 305.0
  },
  "Unknown/Anomaly": {
    "precision": 1.0,
    "recall": 1.0,
    "f1-score": 1.0,
    "support": 393.0
  },
  "accuracy": 0.998697351280938,
  "macro avg": {
    "precision": 0.9985211185211185,
    "recall": 0.9968421052631579,
    "f1-score": 0.9976668915761151,
    "support": 2303.0
  },
  "weighted avg": {
    "precision": 0.9987033816386833,
    "recall": 0.998697351280938,
    "f1-score": 0.9986936805541431,
    "support": 2303.0
  }
}