{
  "conf_gate": 0.75,
  "if_complete_threshold": 0.3890979717674259,
  "if_partial_threshold": 0.3791000720973702
}